InstanceId,InstanceName,StartTime,EndTime,Duration,FailureTime,Status
0027bfa8-660e-4ace-bc52-24a7da4b0d98,run5SerialMockService#79113,2021-01-30T08:49:21.920Z,2021-01-30T08:49:34.727Z,12807,null,COMPLETED
016e8868-4e99-419a-8702-34358109df5f,run5SerialMockService#79176,2021-01-30T08:49:31.961Z,2021-01-30T08:49:47.414Z,15453,null,COMPLETED
018468ca-8099-46ee-bca6-490d80504330,run5SerialMockService#79270,2021-01-30T08:49:45.782Z,2021-01-30T08:50:19.988Z,34206,null,COMPLETED
01e7116c-fa16-400c-af88-d5c0a0e5709b,run5SerialMockService#79296,2021-01-30T08:49:50.314Z,2021-01-30T08:50:15.172Z,24858,null,COMPLETED
029a7d55-aa63-4b53-8e79-2c4d84ea9279,run5SerialMockService#79074,2021-01-30T08:49:15.743Z,2021-01-30T08:50:56.138Z,100395,null,COMPLETED
032d96bc-6e92-45bf-bb4a-ba3fedaa22ae,run5SerialMockService#79160,2021-01-30T08:49:29.072Z,2021-01-30T08:50:36.151Z,67079,null,COMPLETED
0503f77a-e02a-4482-b2d8-c43fd0627ddf,run5SerialMockService#79142,2021-01-30T08:49:26.594Z,2021-01-30T08:50:37.884Z,71290,null,COMPLETED
057650a7-a586-46e3-8f8e-15a85531ea23,run5SerialMockService#79234,2021-01-30T08:49:40.280Z,2021-01-30T08:50:17.550Z,37270,null,COMPLETED
05af7342-a2d1-487b-8db9-0d455e42eac2,run5SerialMockService#79065,2021-01-30T08:49:14.105Z,2021-01-30T08:49:31.445Z,17340,null,COMPLETED
064cebf3-f34d-471e-8a6f-a10c5ec21a0b,run5SerialMockService#79273,2021-01-30T08:49:46.542Z,2021-01-30T08:50:15.447Z,28905,null,COMPLETED
06f64573-8414-4b64-99f9-835e0be6c043,run5SerialMockService#79264,2021-01-30T08:49:44.784Z,2021-01-30T08:50:17.141Z,32357,null,COMPLETED
086995ec-bbf5-48a4-bbe6-035e5706b279,run5SerialMockService#79174,2021-01-30T08:49:31.182Z,2021-01-30T08:49:38.940Z,7758,null,COMPLETED
0895f458-a063-47be-81c7-69e053dcbb83,run5SerialMockService#79203,2021-01-30T08:49:35.764Z,2021-01-30T08:50:48.542Z,72778,null,COMPLETED
0a02ee5c-d9f2-4055-b531-005af9feb8fe,run5SerialMockService#79298,2021-01-30T08:49:50.364Z,2021-01-30T08:50:18.416Z,28052,null,COMPLETED
0a457352-0e86-44e3-b6d8-fc7c6bf2e669,run5SerialMockService#79191,2021-01-30T08:49:34.224Z,2021-01-30T08:51:12.286Z,98062,null,COMPLETED
0a82841a-55bf-4715-a9c1-9e49cab23ec5,run5SerialMockService#79195,2021-01-30T08:49:34.354Z,2021-01-30T08:50:28.441Z,54087,null,COMPLETED
0abb59f7-8820-45c5-8609-36e696ef84a3,run5SerialMockService#79155,2021-01-30T08:49:28.067Z,2021-01-30T08:51:02.145Z,94078,null,COMPLETED
0ad7c842-9d83-48ac-b12a-8eb50cc49c9f,run5SerialMockService#79129,2021-01-30T08:49:24.251Z,2021-01-30T08:51:11.872Z,107621,null,COMPLETED
0bb3c99d-a5a8-4b70-8155-395d8d1b40ae,run5SerialMockService#79132,2021-01-30T08:49:24.986Z,2021-01-30T08:51:07.100Z,102114,null,COMPLETED
0d019b90-0066-4f0e-9e5b-4963498c0cf5,run5SerialMockService#79304,2021-01-30T08:49:51.167Z,2021-01-30T08:49:57.822Z,6655,null,COMPLETED
0d7ff4c8-1f17-4e43-bee2-eca73d6277ee,run5SerialMockService#79239,2021-01-30T08:49:41.024Z,2021-01-30T08:49:55.931Z,14907,null,COMPLETED
0defd1c9-42c4-49d4-848b-8162115a1298,run5SerialMockService#79080,2021-01-30T08:49:16.597Z,2021-01-30T08:50:28.148Z,71551,null,COMPLETED
0ee03e15-0a3b-4970-8899-d0f98b36515b,run5SerialMockService#79227,2021-01-30T08:49:39.465Z,2021-01-30T08:51:23.205Z,103740,null,COMPLETED
0f77c60d-82a4-4aa2-b6f8-a3dd38ed4a04,run5SerialMockService#79289,2021-01-30T08:49:48.917Z,2021-01-30T08:50:14.708Z,25791,null,COMPLETED
1089959b-c328-4a9d-9311-7e95af5f57df,run5SerialMockService#79204,2021-01-30T08:49:35.772Z,2021-01-30T08:49:43.931Z,8159,null,COMPLETED
10b227e0-79d1-4f34-b641-85ac24e94ac6,run5SerialMockService#79206,2021-01-30T08:49:36.481Z,2021-01-30T08:50:54.543Z,78062,null,COMPLETED
111cf3f2-e7b6-41a7-8cc9-35475b093dcc,run5SerialMockService#79272,2021-01-30T08:49:46.536Z,2021-01-30T08:50:18.469Z,31933,null,COMPLETED
118ef2d4-2031-4377-849b-f992796355f9,run5SerialMockService#79217,2021-01-30T08:49:38.026Z,2021-01-30T08:49:48.500Z,10474,null,COMPLETED
11a95c48-82c5-4bd4-beca-99218474f5e8,run5SerialMockService#79207,2021-01-30T08:49:36.505Z,2021-01-30T08:50:12.965Z,36460,null,COMPLETED
11af123c-aae2-436a-be4a-c8bbf7bfb611,run5SerialMockService#79077,2021-01-30T08:49:16.498Z,2021-01-30T08:51:01.124Z,104626,null,COMPLETED
1338ce1f-aeb6-4b86-8653-637b0467e258,run5SerialMockService#79131,2021-01-30T08:49:24.978Z,2021-01-30T08:51:11.641Z,106663,null,COMPLETED
14a66ac5-8567-41f5-b93d-41d4a74955cd,run5SerialMockService#79190,2021-01-30T08:49:33.544Z,2021-01-30T08:50:10.136Z,36592,null,COMPLETED
16043585-0c92-4ebe-a48b-22eb4bdf27ab,run5SerialMockService#79061,2021-01-30T08:49:14.002Z,2021-01-30T08:49:20.906Z,6904,null,COMPLETED
16a00b99-6051-455f-8df4-2a8b97db4d52,run5SerialMockService#79198,2021-01-30T08:49:35.044Z,2021-01-30T08:50:36.991Z,61947,null,COMPLETED
1a435aa5-b9f8-488f-876a-a862a6eabc9d,run5SerialMockService#79196,2021-01-30T08:49:35.035Z,2021-01-30T08:50:34.432Z,59397,null,COMPLETED
1dbddee0-9544-459d-9a79-926d21034f36,run5SerialMockService#79086,2021-01-30T08:49:18.095Z,2021-01-30T08:51:04.433Z,106338,null,COMPLETED
1ec5813a-4bc4-459e-b467-bb5aa910c4e9,run5SerialMockService#79185,2021-01-30T08:49:32.800Z,2021-01-30T08:50:59.132Z,86332,null,COMPLETED
2099e758-259c-4ef1-965b-456839b7b21d,run5SerialMockService#79285,2021-01-30T08:49:48.212Z,2021-01-30T08:50:21.809Z,33597,null,COMPLETED
20d67548-4c58-4e52-839f-abe5f5e15124,run5SerialMockService#79116,2021-01-30T08:49:22.637Z,2021-01-30T08:50:32.478Z,69841,null,COMPLETED
213637e0-7953-48d4-b3cf-3b7c195925c8,run5SerialMockService#79258,2021-01-30T08:49:44.041Z,2021-01-30T08:50:09.947Z,25906,null,COMPLETED
217fa8f4-7915-4c55-9072-63425489a9d3,run5SerialMockService#79118,2021-01-30T08:49:22.681Z,2021-01-30T08:50:35.226Z,72545,null,COMPLETED
21efa827-1010-4a82-87a0-f3a8bce28bf4,run5SerialMockService#79305,2021-01-30T08:49:51.171Z,2021-01-30T08:50:23.143Z,31972,null,COMPLETED
2221b9c3-33f7-4b68-9150-9108172128c5,run5SerialMockService#79224,2021-01-30T08:49:38.769Z,2021-01-30T08:50:51.322Z,72553,null,COMPLETED
2248e6ce-95d9-45b2-8745-ccbf26de8f6e,run5SerialMockService#79166,2021-01-30T08:49:30.442Z,2021-01-30T08:49:50.292Z,19850,null,COMPLETED
22a6d33a-af1d-4bcc-8429-b03bb46a1370,run5SerialMockService#79193,2021-01-30T08:49:34.240Z,2021-01-30T08:50:59.590Z,85350,null,COMPLETED
240bbd65-318b-4e40-ad7c-53cc5e715c6c,run5SerialMockService#79241,2021-01-30T08:49:41.715Z,2021-01-30T08:49:54.594Z,12879,null,COMPLETED
241e3831-2beb-4e03-a2d3-de6e54e4e29b,run5SerialMockService#79092,2021-01-30T08:49:18.860Z,2021-01-30T08:49:32.031Z,13171,null,COMPLETED
25d582fa-ab0a-4cee-8248-a80022d1f53b,run5SerialMockService#79087,2021-01-30T08:49:18.096Z,2021-01-30T08:50:27.066Z,68970,null,COMPLETED
2840286b-4800-41fd-829e-2a73bedd246b,run5SerialMockService#79265,2021-01-30T08:49:44.822Z,2021-01-30T08:50:09.650Z,24828,null,COMPLETED
28e51473-c55d-4132-9230-2f88e99e9c18,run5SerialMockService#79161,2021-01-30T08:49:29.708Z,2021-01-30T08:50:35.777Z,66069,null,COMPLETED
2a6ec72c-4d55-4c40-89aa-1f51b941f89f,run5SerialMockService#79255,2021-01-30T08:49:43.344Z,2021-01-30T08:50:06.951Z,23607,null,COMPLETED
2a8e7dfa-508e-49f9-9daa-de8fdbf2eefa,run5SerialMockService#79248,2021-01-30T08:49:42.531Z,2021-01-30T08:50:14.712Z,32181,null,COMPLETED
2af84d13-9282-48cf-92ba-a2b75ef84357,run5SerialMockService#79136,2021-01-30T08:49:25.828Z,2021-01-30T08:50:46.513Z,80685,null,COMPLETED
2b189036-b987-4771-9411-055044b372ba,run5SerialMockService#79229,2021-01-30T08:49:39.531Z,2021-01-30T08:51:08.987Z,89456,null,COMPLETED
2bd79b04-3bf7-47ac-8489-18fe4ecff40c,run5SerialMockService#79246,2021-01-30T08:49:42.492Z,2021-01-30T08:49:52.360Z,9868,null,COMPLETED
2d70cbb3-270a-401d-9057-a0173f2f72a4,run5SerialMockService#79252,2021-01-30T08:49:43.305Z,2021-01-30T08:50:09.302Z,25997,null,COMPLETED
2d91444d-6ff0-4762-b806-14b40cca86ed,run5SerialMockService#79232,2021-01-30T08:49:40.227Z,2021-01-30T08:50:08.308Z,28081,null,COMPLETED
2e523448-f316-469e-ae27-3ac510e79385,run5SerialMockService#79110,2021-01-30T08:49:21.185Z,2021-01-30T08:51:06.697Z,105512,null,COMPLETED
2ee27ece-ef80-463c-b66f-14b89d95a973,run5SerialMockService#79079,2021-01-30T08:49:16.561Z,2021-01-30T08:49:42.640Z,26079,null,COMPLETED
3052c0de-e6ac-41e8-b822-ddf23ff0212d,run5SerialMockService#79169,2021-01-30T08:49:30.469Z,2021-01-30T08:49:38.858Z,8389,null,COMPLETED
32035bc8-d8fd-47b8-b1ae-d7260e8fa254,run5SerialMockService#79269,2021-01-30T08:49:45.772Z,2021-01-30T08:50:18.567Z,32795,null,COMPLETED
341f88fa-b8ec-422c-8857-6716632e3afd,run5SerialMockService#79228,2021-01-30T08:49:39.470Z,2021-01-30T08:51:12.554Z,93084,null,COMPLETED
34e807ea-0c5e-4a3e-b6da-e5e99d05f2df,run5SerialMockService#79173,2021-01-30T08:49:31.169Z,2021-01-30T08:51:10.761Z,99592,null,COMPLETED
34f54fc1-c855-4620-9054-3087bec3fbe6,run5SerialMockService#79266,2021-01-30T08:49:45.565Z,2021-01-30T08:50:10.798Z,25233,null,COMPLETED
35367fb1-13b3-4d02-a4ed-ce30e881d42d,run5SerialMockService#79146,2021-01-30T08:49:27.307Z,2021-01-30T08:51:02.744Z,95437,null,COMPLETED
37b46afd-56f1-450f-a8bd-563b2b71eef2,run5SerialMockService#79109,2021-01-30T08:49:21.144Z,2021-01-30T08:50:56.828Z,95684,null,COMPLETED
3a8e3ee0-ab15-4c3e-b701-384d64c27ec6,run5SerialMockService#79180,2021-01-30T08:49:32.078Z,2021-01-30T08:50:19.735Z,47657,null,COMPLETED
3b13962a-efb0-4536-a7d8-c2f99770c039,run5SerialMockService#79261,2021-01-30T08:49:44.778Z,2021-01-30T08:49:58.116Z,13338,null,COMPLETED
3bd193c9-c22b-486a-801b-e456ea5d566c,run5SerialMockService#79078,2021-01-30T08:49:16.499Z,2021-01-30T08:50:56.223Z,99724,null,COMPLETED
3c3e966d-70ee-4e85-8579-a45c3f238959,run5SerialMockService#79235,2021-01-30T08:49:40.328Z,2021-01-30T08:50:03.325Z,22997,null,COMPLETED
3d6e2aae-47bd-4307-a717-ee5a7b16b895,run5SerialMockService#79303,2021-01-30T08:49:51.154Z,2021-01-30T08:50:19.131Z,27977,null,COMPLETED
3ec09bc7-89f5-4c02-9014-1eb22914240e,run5SerialMockService#79165,2021-01-30T08:49:29.753Z,2021-01-30T08:49:42.458Z,12705,null,COMPLETED
3f1cbea9-9064-4742-a8cf-c1d0d3a48f63,run5SerialMockService#79056,2021-01-30T08:49:13.224Z,2021-01-30T08:49:28.496Z,15272,null,COMPLETED
422169bf-1500-494d-ad20-cf43c28cc073,run5SerialMockService#79083,2021-01-30T08:49:17.353Z,2021-01-30T08:49:36.713Z,19360,null,COMPLETED
424da9ae-cdc8-484d-98b1-53ab8285f42a,run5SerialMockService#79139,2021-01-30T08:49:25.871Z,2021-01-30T08:50:12.887Z,47016,null,COMPLETED
435fbd61-5516-4274-b696-6cb878df6202,run5SerialMockService#79215,2021-01-30T08:49:37.357Z,2021-01-30T08:50:39.176Z,61819,null,COMPLETED
439f5061-8a8c-4ffa-9f0c-11e3bd6b37d7,run5SerialMockService#79067,2021-01-30T08:49:14.861Z,2021-01-30T08:49:23.741Z,8880,null,COMPLETED
43f955ea-2109-40b6-947d-4561527957cd,run5SerialMockService#79120,2021-01-30T08:49:22.799Z,2021-01-30T08:50:26.930Z,64131,null,COMPLETED
446618fc-60f1-4e88-8535-3a77339c405a,run5SerialMockService#79162,2021-01-30T08:49:29.740Z,2021-01-30T08:50:37.708Z,67968,null,COMPLETED
4471c92f-6bb2-4b24-b56d-8cb8ffec14d0,run5SerialMockService#79301,2021-01-30T08:49:51.101Z,2021-01-30T08:49:57.597Z,6496,null,COMPLETED
4645ed89-25f1-4808-a2de-e6c6eec1ccc3,run5SerialMockService#79101,2021-01-30T08:49:20.323Z,2021-01-30T08:50:57.116Z,96793,null,COMPLETED
4672f57e-9aaf-4b92-b38f-425ee086f8e6,run5SerialMockService#79294,2021-01-30T08:49:49.655Z,2021-01-30T08:50:26.188Z,36533,null,COMPLETED
4beab2f0-81a4-4b07-b53c-5bae4de7d9cb,run5SerialMockService#79292,2021-01-30T08:49:49.621Z,2021-01-30T08:50:25.789Z,36168,null,COMPLETED
4cd8a237-1968-4853-9e17-8242683d1c67,run5SerialMockService#79164,2021-01-30T08:49:29.745Z,2021-01-30T08:50:37.146Z,67401,null,COMPLETED
4f143fb4-25e1-4363-9de2-ca9aea5ec5d8,run5SerialMockService#79223,2021-01-30T08:49:38.745Z,2021-01-30T08:50:39.818Z,61073,null,COMPLETED
4f69cda9-bbc0-4e61-bbb8-fe21062accc7,run5SerialMockService#79268,2021-01-30T08:49:45.658Z,2021-01-30T08:50:27.108Z,41450,null,COMPLETED
52cf2b02-f74a-4f80-830e-44420619315f,run5SerialMockService#79188,2021-01-30T08:49:33.491Z,2021-01-30T08:51:10.979Z,97488,null,COMPLETED
5352360b-a3b0-4033-8476-cac072aaaac1,run5SerialMockService#79103,2021-01-30T08:49:20.361Z,2021-01-30T08:51:11.706Z,111345,null,COMPLETED
5493a30b-5cf4-4bf4-b3ef-441c77358fb2,run5SerialMockService#79286,2021-01-30T08:49:48.889Z,2021-01-30T08:50:12.985Z,24096,null,COMPLETED
557d5f56-1997-4150-a6f7-531dcc1e695b,run5SerialMockService#79230,2021-01-30T08:49:39.552Z,2021-01-30T08:51:11.901Z,92349,null,COMPLETED
5716f65b-f712-4c06-be8b-04eb4c97de9f,run5SerialMockService#79075,2021-01-30T08:49:15.762Z,2021-01-30T08:49:31.355Z,15593,null,COMPLETED
57499473-d819-44a0-ad3e-b1aac0a8e549,run5SerialMockService#79140,2021-01-30T08:49:25.913Z,2021-01-30T08:50:08.740Z,42827,null,COMPLETED
57a4ecf5-7b9a-44bf-8c91-fae8fa75c2b7,run5SerialMockService#79262,2021-01-30T08:49:44.781Z,2021-01-30T08:50:20.335Z,35554,null,COMPLETED
57c811dc-6c35-4289-aa7c-f545b79b43f7,run5SerialMockService#79278,2021-01-30T08:49:47.399Z,2021-01-30T08:50:08.388Z,20989,null,COMPLETED
57ceb88c-aede-42d7-9b9f-5a8a4e4534d7,run5SerialMockService#79068,2021-01-30T08:49:14.870Z,2021-01-30T08:49:22.923Z,8053,null,COMPLETED
57d7cfdf-7694-422c-85cc-8f986b76f7f8,run5SerialMockService#79187,2021-01-30T08:49:33.472Z,2021-01-30T08:50:50.801Z,77329,null,COMPLETED
58e95567-541d-4a44-8bde-d63134387b51,run5SerialMockService#79072,2021-01-30T08:49:15.700Z,2021-01-30T08:50:49.966Z,94266,null,COMPLETED
5bc5c1ec-0046-4c4a-a252-a75f0026246d,run5SerialMockService#79290,2021-01-30T08:49:48.944Z,2021-01-30T08:50:16.046Z,27102,null,COMPLETED
5c40da3e-b5b4-4531-ae0c-0e8faf28e5ae,run5SerialMockService#79184,2021-01-30T08:49:32.789Z,2021-01-30T08:51:12.660Z,99871,null,COMPLETED
5ec09f6a-d980-4825-8faf-ad6e4ff4d216,run5SerialMockService#79175,2021-01-30T08:49:31.289Z,2021-01-30T08:50:39.502Z,68213,null,COMPLETED
5ede1acb-4790-4bfc-ac22-52120ca242b0,run5SerialMockService#79154,2021-01-30T08:49:28.058Z,2021-01-30T08:50:59.707Z,91649,null,COMPLETED
6261cde9-9dda-4568-a401-99d2ae40f60c,run5SerialMockService#79104,2021-01-30T08:49:20.379Z,2021-01-30T08:50:23.757Z,63378,null,COMPLETED
6296e305-37b6-486c-85a9-f27675352907,run5SerialMockService#79288,2021-01-30T08:49:48.909Z,2021-01-30T08:50:18.543Z,29634,null,COMPLETED
638aa60a-87c8-4a2f-b872-bf8d03430979,run5SerialMockService#79293,2021-01-30T08:49:49.628Z,2021-01-30T08:50:11.794Z,22166,null,COMPLETED
6533060d-20f5-4e58-8eb2-f3ee71bce5a9,run5SerialMockService#79256,2021-01-30T08:49:44.034Z,2021-01-30T08:50:18.030Z,33996,null,COMPLETED
68201b56-a587-478c-b708-19fdd46b987d,run5SerialMockService#79150,2021-01-30T08:49:27.351Z,2021-01-30T08:50:59.992Z,92641,null,COMPLETED
6890d037-03c3-426f-95e2-14457692b7df,run5SerialMockService#79280,2021-01-30T08:49:47.436Z,2021-01-30T08:49:57.666Z,10230,null,COMPLETED
68fcc281-0d60-4f5a-955b-067b56d0a14c,run5SerialMockService#79119,2021-01-30T08:49:22.685Z,2021-01-30T08:51:13.185Z,110500,null,COMPLETED
6cd346bc-5f32-491e-bdb2-8e9bb6c723c3,run5SerialMockService#79214,2021-01-30T08:49:37.314Z,2021-01-30T08:50:49.674Z,72360,null,COMPLETED
6df1e9b4-e444-489d-b60d-1323f59a42f0,run5SerialMockService#79081,2021-01-30T08:49:17.291Z,2021-01-30T08:49:24.808Z,7517,null,COMPLETED
6ecd527a-bea8-4e95-bf66-d87fd1c1bc72,run5SerialMockService#79178,2021-01-30T08:49:31.995Z,2021-01-30T08:49:40.442Z,8447,null,COMPLETED
70711f3a-a9fe-4291-83ea-a34dcbb49702,run5SerialMockService#79210,2021-01-30T08:49:36.566Z,2021-01-30T08:50:54.718Z,78152,null,COMPLETED
709fa03e-c26c-4114-999c-a1579796680a,run5SerialMockService#79200,2021-01-30T08:49:35.086Z,2021-01-30T08:50:49.234Z,74148,null,COMPLETED
72b00713-3ce0-4883-91f3-70363e360496,run5SerialMockService#79213,2021-01-30T08:49:37.303Z,2021-01-30T08:50:58.625Z,81322,null,COMPLETED
73bdab19-7ae9-4168-bcc0-9e44b922b0af,run5SerialMockService#79098,2021-01-30T08:49:19.628Z,2021-01-30T08:50:32.423Z,72795,null,COMPLETED
74e6ee13-63c8-49c6-99b5-7eb66ff1d537,run5SerialMockService#79201,2021-01-30T08:49:35.755Z,2021-01-30T08:50:48.522Z,72767,null,COMPLETED
7512d0e1-7d79-453a-8c1f-8e1151abe9a1,run5SerialMockService#79291,2021-01-30T08:49:49.605Z,2021-01-30T08:49:58.042Z,8437,null,COMPLETED
75d671fb-45e3-4878-a5d5-50e87255fe4b,run5SerialMockService#79216,2021-01-30T08:49:38.013Z,2021-01-30T08:49:46.483Z,8470,null,COMPLETED
76f909ac-54cc-47e3-9c9c-a3f1921bc4bf,run5SerialMockService#79172,2021-01-30T08:49:31.167Z,2021-01-30T08:50:27.862Z,56695,null,COMPLETED
776f5e16-de38-432c-a390-c2343dd61a3d,run5SerialMockService#79236,2021-01-30T08:49:40.989Z,2021-01-30T08:50:20.142Z,39153,null,COMPLETED
787e67b3-b2a9-4426-9579-774414232974,run5SerialMockService#79170,2021-01-30T08:49:30.484Z,2021-01-30T08:51:14.901Z,104417,null,COMPLETED
78a41125-2968-4ab3-bd06-4848d312c132,run5SerialMockService#79238,2021-01-30T08:49:41.007Z,2021-01-30T08:50:11.675Z,30668,null,COMPLETED
792ad29e-b1a8-4524-b161-443e57ec5679,run5SerialMockService#79059,2021-01-30T08:49:13.283Z,2021-01-30T08:49:28.589Z,15306,null,COMPLETED
7b5d7b6d-0e8a-474a-9be3-8053fb1f4e1d,run5SerialMockService#79096,2021-01-30T08:49:19.617Z,2021-01-30T08:51:10.842Z,111225,null,COMPLETED
7f647a78-03a4-4c10-99a1-4104dab972d6,run5SerialMockService#79182,2021-01-30T08:49:32.768Z,2021-01-30T08:50:54.917Z,82149,null,COMPLETED
7fa67333-e7a4-469f-81b7-c4a709f16771,run5SerialMockService#79183,2021-01-30T08:49:32.779Z,2021-01-30T08:50:17.851Z,45072,null,COMPLETED
80c5e380-129a-4dc9-b253-85479b3a7270,run5SerialMockService#79267,2021-01-30T08:49:45.578Z,2021-01-30T08:49:52.307Z,6729,null,COMPLETED
80d6ce27-6460-41d7-9de0-9945f562fe88,run5SerialMockService#79274,2021-01-30T08:49:46.613Z,2021-01-30T08:49:58.971Z,12358,null,COMPLETED
810628a6-a670-4077-acd3-09dd90f2bf8d,run5SerialMockService#79218,2021-01-30T08:49:38.031Z,2021-01-30T08:49:54.514Z,16483,null,COMPLETED
8248ea7c-5bf4-4789-923c-25d9ecb24388,run5SerialMockService#79202,2021-01-30T08:49:35.759Z,2021-01-30T08:51:06.973Z,91214,null,COMPLETED
8265f7b7-b651-42cd-9bea-5b397bf5d851,run5SerialMockService#79208,2021-01-30T08:49:36.509Z,2021-01-30T08:50:38.262Z,61753,null,COMPLETED
8272b81e-f45a-4bba-805a-828036a554f7,run5SerialMockService#79111,2021-01-30T08:49:21.872Z,2021-01-30T08:50:59.665Z,97793,null,COMPLETED
82dd7d24-6696-450e-baba-38dcaa14123e,run5SerialMockService#79171,2021-01-30T08:49:31.165Z,2021-01-30T08:49:38.802Z,7637,null,COMPLETED
850cc104-e107-491a-abe6-bd65a6f0f447,run5SerialMockService#79117,2021-01-30T08:49:22.669Z,2021-01-30T08:49:34.119Z,11450,null,COMPLETED
856e6020-a7a9-4df4-b894-6f4725235fc2,run5SerialMockService#79237,2021-01-30T08:49:40.996Z,2021-01-30T08:50:09.932Z,28936,null,COMPLETED
8601fd53-0766-49c0-90b4-c7911fab7b3f,run5SerialMockService#79141,2021-01-30T08:49:26.582Z,2021-01-30T08:51:13.403Z,106821,null,COMPLETED
8680d558-d1d0-4dbd-a2f2-6bd8ffdf5fde,run5SerialMockService#79199,2021-01-30T08:49:35.044Z,2021-01-30T08:50:36.720Z,61676,null,COMPLETED
884f02b2-4a92-4efe-8273-8cb4bfd185df,run5SerialMockService#79263,2021-01-30T08:49:44.773Z,2021-01-30T08:50:14.205Z,29432,null,COMPLETED
88676405-a735-4eae-81cf-72dc6a361c42,run5SerialMockService#79222,2021-01-30T08:49:38.741Z,2021-01-30T08:50:49.522Z,70781,null,COMPLETED
8a9975af-9baf-45b4-b352-fc1901b15e3e,run5SerialMockService#79138,2021-01-30T08:49:25.843Z,2021-01-30T08:50:36.535Z,70692,null,COMPLETED
8aad4c15-1abb-4c72-aecb-9f22618281f8,run5SerialMockService#79226,2021-01-30T08:49:39.459Z,2021-01-30T08:51:11.718Z,92259,null,COMPLETED
8adfdc46-7226-48d9-a5fd-bb996276d4c7,run5SerialMockService#79153,2021-01-30T08:49:28.046Z,2021-01-30T08:50:41.620Z,73574,null,COMPLETED
8b5d6b1f-c527-45ed-b831-0d9c95e6a24d,run5SerialMockService#79073,2021-01-30T08:49:15.721Z,2021-01-30T08:50:42.982Z,87261,null,COMPLETED
8bfbf14b-4613-4592-aafb-c04776442d98,run5SerialMockService#79152,2021-01-30T08:49:28.037Z,2021-01-30T08:51:00.181Z,92144,null,COMPLETED
8c062c7c-09aa-42db-908a-a5fa65e45c2b,run5SerialMockService#79211,2021-01-30T08:49:37.261Z,2021-01-30T08:51:00.530Z,83269,null,COMPLETED
8c3d47b2-6315-4f18-ac95-57b67cd9f193,run5SerialMockService#79070,2021-01-30T08:49:14.971Z,2021-01-30T08:49:22.011Z,7040,null,COMPLETED
8cdbd351-4f11-4343-a6d5-07238e666baf,run5SerialMockService#79102,2021-01-30T08:49:20.358Z,2021-01-30T08:51:00.608Z,100250,null,COMPLETED
8d79dca8-d736-42a1-8a80-88abf02c6842,run5SerialMockService#79126,2021-01-30T08:49:24.219Z,2021-01-30T08:50:29.152Z,64933,null,COMPLETED
8dc97661-6471-4d46-8b5d-8df3ce1eb1ef,run5SerialMockService#79233,2021-01-30T08:49:40.246Z,2021-01-30T08:49:49.895Z,9649,null,COMPLETED
8e60c818-911c-42a0-9bc8-d63cff602aab,run5SerialMockService#79197,2021-01-30T08:49:35.036Z,2021-01-30T08:50:47.476Z,72440,null,COMPLETED
8f280c67-6073-49cd-9a9d-74ec1dc36d1e,run5SerialMockService#79143,2021-01-30T08:49:26.601Z,2021-01-30T08:51:01.775Z,95174,null,COMPLETED
91742bd9-8bf4-4b7d-861c-d419dd2be11d,run5SerialMockService#79063,2021-01-30T08:49:14.041Z,2021-01-30T08:49:32.851Z,18810,null,COMPLETED
92713ab7-ebc3-4616-9209-92b3d2130f39,run5SerialMockService#79277,2021-01-30T08:49:47.378Z,2021-01-30T08:50:19.329Z,31951,null,COMPLETED
930ca7eb-53e7-4737-8c00-dde2b9df6b94,run5SerialMockService#79231,2021-01-30T08:49:40.225Z,2021-01-30T08:50:12.654Z,32429,null,COMPLETED
9612822b-1b43-4639-aa6e-9a5cfe5e8750,run5SerialMockService#79186,2021-01-30T08:49:33.460Z,2021-01-30T08:50:40.340Z,66880,null,COMPLETED
966e1789-6cf0-40dd-8438-414f488c5ef1,run5SerialMockService#79100,2021-01-30T08:49:19.649Z,2021-01-30T08:49:28.663Z,9014,null,COMPLETED
96f29244-3795-4ff3-845b-17cfe651eadd,run5SerialMockService#79076,2021-01-30T08:49:16.494Z,2021-01-30T08:50:51.050Z,94556,null,COMPLETED
97b2120c-b3e3-42bf-b5a0-94352c8a9dd9,run5SerialMockService#79082,2021-01-30T08:49:17.315Z,2021-01-30T08:51:01.359Z,104044,null,COMPLETED
980af7be-85e9-41eb-b783-43f9bbdd1a8e,run5SerialMockService#79177,2021-01-30T08:49:31.964Z,2021-01-30T08:50:40.821Z,68857,null,COMPLETED
9834f28a-e845-4c87-ab8f-fbfff61cc3b8,run5SerialMockService#79069,2021-01-30T08:49:14.916Z,2021-01-30T08:49:29.604Z,14688,null,COMPLETED
9870519a-4983-440b-af6e-c25e39b463f7,run5SerialMockService#79123,2021-01-30T08:49:23.504Z,2021-01-30T08:49:34.564Z,11060,null,COMPLETED
992a0ab6-8355-4f82-96c7-2d519aac8e84,run5SerialMockService#79244,2021-01-30T08:49:41.758Z,2021-01-30T08:50:18.491Z,36733,null,COMPLETED
9975a66f-2277-4ff3-a6b5-f943864dcffe,run5SerialMockService#79257,2021-01-30T08:49:44.028Z,2021-01-30T08:50:01.629Z,17601,null,COMPLETED
9a15f9f2-3647-4eee-93bf-276159707054,run5SerialMockService#79287,2021-01-30T08:49:48.903Z,2021-01-30T08:50:19.887Z,30984,null,COMPLETED
9ead5c9e-d5e8-4d54-ad03-e7e8ecbe3be2,run5SerialMockService#79275,2021-01-30T08:49:46.685Z,2021-01-30T08:50:14.626Z,27941,null,COMPLETED
9ebe4d70-71cd-4b4a-a8c8-1176efa79120,run5SerialMockService#79122,2021-01-30T08:49:23.494Z,2021-01-30T08:49:51.278Z,27784,null,COMPLETED
9f5059bc-1c3d-43c9-84dc-0d27d108afcf,run5SerialMockService#79271,2021-01-30T08:49:46.514Z,2021-01-30T08:50:17.923Z,31409,null,COMPLETED
a04ddfaa-6c6e-4c24-a0a1-9e6872f37a5b,run5SerialMockService#79095,2021-01-30T08:49:18.885Z,2021-01-30T08:50:22.687Z,63802,null,COMPLETED
a05f3d93-99cd-4d01-b780-392feda4efff,run5SerialMockService#79302,2021-01-30T08:49:51.123Z,2021-01-30T08:50:26.210Z,35087,null,COMPLETED
a0711f8e-2a5e-4821-896a-e3d026a41f4b,run5SerialMockService#79212,2021-01-30T08:49:37.272Z,2021-01-30T08:50:37.924Z,60652,null,COMPLETED
a4d11cb8-f68d-4f81-bbf7-7eca9e46fe11,run5SerialMockService#79159,2021-01-30T08:49:29.023Z,2021-01-30T08:51:12.531Z,103508,null,COMPLETED
a55862bc-59ac-45b7-8194-c9c6a21e6ab2,run5SerialMockService#79148,2021-01-30T08:49:27.323Z,2021-01-30T08:51:12.691Z,105368,null,COMPLETED
a65826ee-bd4f-47dc-94f7-06bcfbd3e12d,run5SerialMockService#79242,2021-01-30T08:49:41.726Z,2021-01-30T08:49:55.674Z,13948,null,COMPLETED
a6654c1e-defd-4b95-8bea-0f357c2265dd,run5SerialMockService#79114,2021-01-30T08:49:21.920Z,2021-01-30T08:50:57.710Z,95790,null,COMPLETED
a79fcbe2-d26a-466c-baa7-07caede1b682,run5SerialMockService#79093,2021-01-30T08:49:18.861Z,2021-01-30T08:50:28.283Z,69422,null,COMPLETED
ab69cb7b-05ff-4a38-b69d-9ec9cddc5443,run5SerialMockService#79135,2021-01-30T08:49:25.041Z,2021-01-30T08:50:28.808Z,63767,null,COMPLETED
ac08fabc-129a-483d-a894-f0b8133c90f7,run5SerialMockService#79105,2021-01-30T08:49:20.409Z,2021-01-30T08:50:34.753Z,74344,null,COMPLETED
ac169298-ff09-4032-bc3b-cda443bcc136,run5SerialMockService#79297,2021-01-30T08:49:50.343Z,2021-01-30T08:50:25.911Z,35568,null,COMPLETED
aec70dea-ff67-4958-b62e-3eda25416740,run5SerialMockService#79219,2021-01-30T08:49:38.041Z,2021-01-30T08:49:56.013Z,17972,null,COMPLETED
aec75b0f-de18-46cf-83e8-6a2a3e8e59b2,run5SerialMockService#79282,2021-01-30T08:49:48.129Z,2021-01-30T08:50:04.236Z,16107,null,COMPLETED
b04a80b1-cc62-4391-8178-a7afcc7ad2aa,run5SerialMockService#79168,2021-01-30T08:49:30.461Z,2021-01-30T08:51:09.884Z,99423,null,COMPLETED
b0c18997-18a6-470d-b0fd-ee3986e28b20,run5SerialMockService#79144,2021-01-30T08:49:26.604Z,2021-01-30T08:49:39.482Z,12878,null,COMPLETED
b16f622b-7b7b-405d-98ac-0a0eeb0b9433,run5SerialMockService#79130,2021-01-30T08:49:24.300Z,2021-01-30T08:50:31.347Z,67047,null,COMPLETED
b2b15b82-a4f9-4726-91ba-cfc991f1df08,run5SerialMockService#79066,2021-01-30T08:49:14.804Z,2021-01-30T08:49:24.722Z,9918,null,COMPLETED
b3054e23-1905-4c5d-b661-9655f03258d6,run5SerialMockService#79192,2021-01-30T08:49:34.234Z,2021-01-30T08:49:47.940Z,13706,null,COMPLETED
b31d6ca2-9c66-4663-b4ad-e5b171260188,run5SerialMockService#79099,2021-01-30T08:49:19.633Z,2021-01-30T08:51:06.506Z,106873,null,COMPLETED
b56a210a-cb95-4046-9ad2-01eb9f6072d9,run5SerialMockService#79225,2021-01-30T08:49:38.775Z,2021-01-30T08:50:50.478Z,71703,null,COMPLETED
bb97f7d6-3a83-4b0e-83ec-85c478d892cf,run5SerialMockService#79062,2021-01-30T08:49:14.028Z,2021-01-30T08:49:21.879Z,7851,null,COMPLETED
bc7d849a-02d4-4737-9339-6c8a578fd718,run5SerialMockService#79125,2021-01-30T08:49:23.541Z,2021-01-30T08:50:27.299Z,63758,null,COMPLETED
bd142f54-f998-4325-baa7-6a567c8a7bee,run5SerialMockService#79124,2021-01-30T08:49:23.524Z,2021-01-30T08:51:11.808Z,108284,null,COMPLETED
bd1d62d2-96de-4124-86a3-5936c387df8d,run5SerialMockService#79157,2021-01-30T08:49:29.015Z,2021-01-30T08:50:17.149Z,48134,null,COMPLETED
be19cce0-1bc9-4130-a063-de2a2d7cdad5,run5SerialMockService#79064,2021-01-30T08:49:14.087Z,2021-01-30T08:49:28.890Z,14803,null,COMPLETED
be610a9a-4910-4994-a3f0-6cbfed76d537,run5SerialMockService#79112,2021-01-30T08:49:21.909Z,2021-01-30T08:51:10.918Z,109009,null,COMPLETED
bfa4be94-d9d9-4e64-9ad5-e4f77920a22e,run5SerialMockService#79134,2021-01-30T08:49:25.021Z,2021-01-30T08:51:06.981Z,101960,null,COMPLETED
bfe4efe7-289f-424d-85ee-6f8315a5552c,run5SerialMockService#79057,2021-01-30T08:49:13.231Z,2021-01-30T08:49:18.545Z,5314,null,COMPLETED
c0241b19-4c60-4038-b7ae-3155ef1430a9,run5SerialMockService#79145,2021-01-30T08:49:26.602Z,2021-01-30T08:50:48.738Z,82136,null,COMPLETED
c0262634-e22a-4b51-963b-8c849205d837,run5SerialMockService#79253,2021-01-30T08:49:43.313Z,2021-01-30T08:50:18.467Z,35154,null,COMPLETED
c214d9e7-196b-4fe3-8f4d-379736ba0276,run5SerialMockService#79259,2021-01-30T08:49:44.058Z,2021-01-30T08:50:04.801Z,20743,null,COMPLETED
c329a837-60a8-46e3-85a1-dbdd146223ed,run5SerialMockService#79279,2021-01-30T08:49:47.401Z,2021-01-30T08:50:12.202Z,24801,null,COMPLETED
c42487fc-e9b3-4258-9bf6-cad22114782f,run5SerialMockService#79240,2021-01-30T08:49:41.043Z,2021-01-30T08:50:16.991Z,35948,null,COMPLETED
c43a8867-097f-4442-9ae2-061bf02dee68,run5SerialMockService#79090,2021-01-30T08:49:18.145Z,2021-01-30T08:49:36.245Z,18100,null,COMPLETED
c5129ec3-c6cc-4614-a353-625b54446213,run5SerialMockService#79249,2021-01-30T08:49:42.595Z,2021-01-30T08:49:51.258Z,8663,null,COMPLETED
c65768ab-d3fe-48bc-aca5-a29db6d23315,run5SerialMockService#79115,2021-01-30T08:49:21.956Z,2021-01-30T08:49:46.016Z,24060,null,COMPLETED
c8ee042f-533c-44fe-a99d-c7068cfff44f,run5SerialMockService#79088,2021-01-30T08:49:18.132Z,2021-01-30T08:50:54.239Z,96107,null,COMPLETED
c99be38b-f469-4458-a8e6-6ab239428135,run5SerialMockService#79281,2021-01-30T08:49:48.096Z,2021-01-30T08:50:22.764Z,34668,null,COMPLETED
c9c6f3f2-7c3c-42ab-ae16-6cc4c28ea28a,run5SerialMockService#79283,2021-01-30T08:49:48.190Z,2021-01-30T08:50:18.035Z,29845,null,COMPLETED
cace849b-2914-4d94-bebd-cbffd528bb37,run5SerialMockService#79284,2021-01-30T08:49:48.198Z,2021-01-30T08:49:55.607Z,7409,null,COMPLETED
cb0ca5b9-82db-4454-af4d-49ad2ab758ef,run5SerialMockService#79108,2021-01-30T08:49:21.143Z,2021-01-30T08:50:28.138Z,66995,null,COMPLETED
cb62ca7b-4816-49ed-bd93-3f822c65e946,run5SerialMockService#79071,2021-01-30T08:49:15.694Z,2021-01-30T08:49:30.466Z,14772,null,COMPLETED
cfd06b7d-45fe-40dc-a012-c38e4ead9b01,run5SerialMockService#79097,2021-01-30T08:49:19.633Z,2021-01-30T08:50:54.099Z,94466,null,COMPLETED
cfeb5800-77a5-4597-8364-673d17e26d3a,run5SerialMockService#79060,2021-01-30T08:49:13.286Z,2021-01-30T08:49:18.701Z,5415,null,COMPLETED
d1b361cf-866f-4bb3-b6f1-ae77348d0558,run5SerialMockService#79247,2021-01-30T08:49:42.503Z,2021-01-30T08:50:08.110Z,25607,null,COMPLETED
d1bf1ef1-f95d-456d-9e6a-1512167da14d,run5SerialMockService#79181,2021-01-30T08:49:32.767Z,2021-01-30T08:50:43.842Z,71075,null,COMPLETED
d227b29a-5bb6-492d-8566-298a29399397,run5SerialMockService#79058,2021-01-30T08:49:13.234Z,2021-01-30T08:49:19.400Z,6166,null,COMPLETED
d27c1e17-392a-4bc8-ad88-cf418138545e,run5SerialMockService#79107,2021-01-30T08:49:21.125Z,2021-01-30T08:49:31.302Z,10177,null,COMPLETED
d296f8af-2a8c-45b4-8316-ad14673c1e20,run5SerialMockService#79276,2021-01-30T08:49:47.344Z,2021-01-30T08:50:23.641Z,36297,null,COMPLETED
d2c20ef4-64ea-405d-bb7a-596d68b6dcee,run5SerialMockService#79295,2021-01-30T08:49:49.663Z,2021-01-30T08:49:59.925Z,10262,null,COMPLETED
d4c71c60-41f6-4e43-be5d-d06cee4d993c,run5SerialMockService#79127,2021-01-30T08:49:24.234Z,2021-01-30T08:50:29.941Z,65707,null,COMPLETED
d700a03c-d903-4eee-b253-0a2d02fe4b81,run5SerialMockService#79158,2021-01-30T08:49:29.044Z,2021-01-30T08:51:10.298Z,101254,null,COMPLETED
d8929039-c173-4970-bd80-3d79bca3397f,run5SerialMockService#79245,2021-01-30T08:49:41.762Z,2021-01-30T08:50:25.482Z,43720,null,COMPLETED
d89a20cc-04a5-463e-a878-dca4bc9923a1,run5SerialMockService#79209,2021-01-30T08:49:36.532Z,2021-01-30T08:51:01.043Z,84511,null,COMPLETED
d95e0437-8523-4407-ad9d-ea9f8a9ca13b,run5SerialMockService#79189,2021-01-30T08:49:33.535Z,2021-01-30T08:50:41.351Z,67816,null,COMPLETED
d983e4fb-f04a-4aac-9ba7-44c26aa677ad,run5SerialMockService#79084,2021-01-30T08:49:17.361Z,2021-01-30T08:50:49.581Z,92220,null,COMPLETED
da357bcd-512f-45f5-8828-cf1b0d6e8325,run5SerialMockService#79260,2021-01-30T08:49:44.092Z,2021-01-30T08:50:18.168Z,34076,null,COMPLETED
dabfd572-464a-4018-b958-8dcc926444d7,run5SerialMockService#79179,2021-01-30T08:49:32.016Z,2021-01-30T08:50:26.060Z,54044,null,COMPLETED
de0e6e96-8cd3-409a-94f5-fc86bb85746e,run5SerialMockService#79254,2021-01-30T08:49:43.326Z,2021-01-30T08:50:15.161Z,31835,null,COMPLETED
df6a7386-bfd0-4cda-82ba-6a6d1ca07cbe,run5SerialMockService#79151,2021-01-30T08:49:28.033Z,2021-01-30T08:50:33.722Z,65689,null,COMPLETED
e0b4607b-5b91-462c-91bb-40251480fb7d,run5SerialMockService#79221,2021-01-30T08:49:38.684Z,2021-01-30T08:50:57.090Z,78406,null,COMPLETED
e2336403-4dd5-4b7a-ad08-240f1f9cfb95,run5SerialMockService#79089,2021-01-30T08:49:18.138Z,2021-01-30T08:51:02.897Z,104759,null,COMPLETED
e3d2b578-c039-4b5b-b977-80d793fa78d3,run5SerialMockService#79106,2021-01-30T08:49:21.125Z,2021-01-30T08:51:02.825Z,101700,null,COMPLETED
e5297a0f-4925-4b10-9b6f-c6a956a96af3,run5SerialMockService#79299,2021-01-30T08:49:50.391Z,2021-01-30T08:50:15.479Z,25088,null,COMPLETED
e61541b1-4903-4013-8ddc-3fd2e1bed695,run5SerialMockService#79133,2021-01-30T08:49:25.027Z,2021-01-30T08:50:27.065Z,62038,null,COMPLETED
e90903ea-2967-4a92-ac90-69f6ff70a121,run5SerialMockService#79149,2021-01-30T08:49:27.325Z,2021-01-30T08:50:29.266Z,61941,null,COMPLETED
e9482180-6b3c-4fff-9902-c006ab0b1cf5,run5SerialMockService#79194,2021-01-30T08:49:34.245Z,2021-01-30T08:50:12.936Z,38691,null,COMPLETED
e9ae1879-b9ff-42a8-ab12-643a9b176ecc,run5SerialMockService#79137,2021-01-30T08:49:25.848Z,2021-01-30T08:50:26.065Z,60217,null,COMPLETED
e9e4da4d-97e8-450b-ba0f-8b0cdc27d7c6,run5SerialMockService#79156,2021-01-30T08:49:29.011Z,2021-01-30T08:50:08.305Z,39294,null,COMPLETED
eb4598a1-4657-4e30-bfb7-23bddb9f3819,run5SerialMockService#79091,2021-01-30T08:49:18.820Z,2021-01-30T08:49:29.733Z,10913,null,COMPLETED
ee0167d3-57c7-4a50-978d-abc684f56e78,run5SerialMockService#79147,2021-01-30T08:49:27.312Z,2021-01-30T08:51:10.198Z,102886,null,COMPLETED
ef574cea-b145-4946-8747-c5d0df355bd2,run5SerialMockService#79163,2021-01-30T08:49:29.744Z,2021-01-30T08:49:38.453Z,8709,null,COMPLETED
ef67c4fa-b780-46b4-9148-f1fa93d23437,run5SerialMockService#79243,2021-01-30T08:49:41.728Z,2021-01-30T08:49:58.040Z,16312,null,COMPLETED
f03017f4-30be-4d56-87a8-b07a22d79578,run5SerialMockService#79300,2021-01-30T08:49:50.441Z,2021-01-30T08:50:13.761Z,23320,null,COMPLETED
f22274ab-a3ce-4a39-8c07-ad6b057fddf7,run5SerialMockService#79128,2021-01-30T08:49:24.248Z,2021-01-30T08:50:31.828Z,67580,null,COMPLETED
f4e0629a-fac2-43c5-a4bc-82a68cf24435,run5SerialMockService#79085,2021-01-30T08:49:17.406Z,2021-01-30T08:51:08.628Z,111222,null,COMPLETED
f923186d-451e-4a08-a8eb-a57138c23dbd,run5SerialMockService#79251,2021-01-30T08:49:43.295Z,2021-01-30T08:49:57.773Z,14478,null,COMPLETED
f95de48d-b69a-492e-b4a2-bb3865daca4f,run5SerialMockService#79167,2021-01-30T08:49:30.451Z,2021-01-30T08:50:38.207Z,67756,null,COMPLETED
fac416ae-9a2c-47e9-baae-23e2bdedc3c4,run5SerialMockService#79094,2021-01-30T08:49:18.878Z,2021-01-30T08:51:01.355Z,102477,null,COMPLETED
faca1eb5-2861-45cb-9cc7-e41fc7578e91,run5SerialMockService#79250,2021-01-30T08:49:42.609Z,2021-01-30T08:49:51.359Z,8750,null,COMPLETED
fb983fca-8d11-4794-a7fd-feb7562756e5,run5SerialMockService#79121,2021-01-30T08:49:23.451Z,2021-01-30T08:50:57.638Z,94187,null,COMPLETED
fbe3dcdf-f16d-40d3-a2c7-d114ae048d7c,run5SerialMockService#79205,2021-01-30T08:49:35.794Z,2021-01-30T08:50:40.074Z,64280,null,COMPLETED
fdbd3fed-7b9e-4dca-8a60-c9e4ffac60be,run5SerialMockService#79220,2021-01-30T08:49:38.043Z,2021-01-30T08:50:38.960Z,60917,null,COMPLETED
